{
    "MSE": 132806.7958427906,
    "MAE": 236.53349682715972,
    "R2": 0.8788619862652994,
    "Accuracy": 0.8373205741626795,
    "Precision": 0.8363193544582346,
    "Recall": 0.8373205741626795,
    "F1-score": 0.8354054241824415
}